user_id,mix_id,mix_name,mix_tags,track_id,track_name,artist_name,voice_instrumental_value,voice_instrumental_prob,bpm,danceability_value,danceability_prob,tone
301485,373568,DETERMINATION,"determined, gritty, focused",3933823,Dog Trot,Moondog,instrumental,0.999999940395,99.4312591553,not_danceable,1,minor
301485,373568,DETERMINATION,"determined, gritty, focused",3933834,Gonna Never Have To Die,Guided By Voices
301485,373568,DETERMINATION,"determined, gritty, focused",3933827,Wawshishijay (Our Beginning),Kronos Quartet
301485,373568,DETERMINATION,"determined, gritty, focused",3933825,Little By Little,Radiohead
301485,373568,DETERMINATION,"determined, gritty, focused",3933821,Je n'avais qu'un seul mot a lui dire,Serge Gainsbourg
301485,373568,DETERMINATION,"determined, gritty, focused",3933819,Tantrum,Laika & The Cosmonauts
301485,373568,DETERMINATION,"determined, gritty, focused",3933836,Fly,Cornelius
301485,373568,DETERMINATION,"determined, gritty, focused",3933830,Se Decidi Cosi,Jimmy Ruffin
301485,373568,DETERMINATION,"determined, gritty, focused",3933816,Lilia,Milton Nascimento & Lo Borges,instrumental,0.680388748646,172.265808105,danceable,0.632394969463,minor
301485,373568,DETERMINATION,"determined, gritty, focused",3933838,Outer Accelerator,Stereolab,instrumental,0.999998271465,144.099899292,not_danceable,1,major
