user_id,mix_id,mix_name,mix_tags,track_id,track_name,artist_name,voice_instrumental_value,voice_instrumental_prob,bpm,danceability_value,danceability_prob,tone
570786,396691,working and researching not going to sleep mix,"focused, energy",4212934,Wonderwall (Figure Drumstep Edit) - Free DL,Figure
570786,396691,working and researching not going to sleep mix,"focused, energy",4209956,Far Too Loud - Ready For The Stomping [Out Now],Far Too Loud
570786,396691,working and researching not going to sleep mix,"focused, energy",4212090,Afrojack & R3hab - Prutataaa (Dada Life Remix) [PREVIEW],R3HAB
570786,396691,working and researching not going to sleep mix,"focused, energy",4273236,ZEDS DEAD- Rumble In The Jungle/ Undah Yuh Skirt Teaser,Mad Decent
570786,396691,working and researching not going to sleep mix,"focused, energy",4256138,Felguk - Jack It,felguk
