user_id,mix_id,mix_name,mix_tags,track_id,track_name,artist_name,voice_instrumental_value,voice_instrumental_prob,bpm,danceability_value,danceability_prob,tone
87768,411691,PSAT #TwoThingsThatDontMix Cypher,"study, psat, focus, chill",4228475,Baths - Maximalist,ericstein
87768,411691,PSAT #TwoThingsThatDontMix Cypher,"study, psat, focus, chill",4484752,Death Cab for Cutie - Doors Unlocked And Open [Cut Copy Remix],Death Cab for Cutie
87768,411691,PSAT #TwoThingsThatDontMix Cypher,"study, psat, focus, chill",4484799,Theophilus London - Why Even Try (RAC Remix),TheophilusLondon,voice,0.996277749538,99.9583969116,danceable,0.99900496006,minor
87768,411691,PSAT #TwoThingsThatDontMix Cypher,"study, psat, focus, chill",4484769,02 B.I.G. E.G.O.,magnesiums
87768,411691,PSAT #TwoThingsThatDontMix Cypher,"study, psat, focus, chill",4484797,Nightcrawler,NOSAJ THING
87768,411691,PSAT #TwoThingsThatDontMix Cypher,"study, psat, focus, chill",4484755,"""Sunporch"" By Walls",Kompakt
87768,411691,PSAT #TwoThingsThatDontMix Cypher,"study, psat, focus, chill",4484851,Lully Loure,LE CHEVALIER
