user_id,mix_id,mix_name,mix_tags,track_id,track_name,artist_name,voice_instrumental_value,voice_instrumental_prob,bpm,danceability_value,danceability_prob,tone
644064,426547,SciPy,"coding, programming, focus, python",4696844,ready steady go,she,instrumental,0.990754365921,127.944152832,not_danceable,1,minor
644064,426547,SciPy,"coding, programming, focus, python",4696858,Skrillex - Scary Monsters And Nice Sprites (Cover by Pinn Panelle),Alexandr Mozhaev
644064,426547,SciPy,"coding, programming, focus, python",4263037,Ghosts and Stuff (Original Mix),gabbou
644064,426547,SciPy,"coding, programming, focus, python",4696807,The Social Network Soundtrack - In Motion (ARCADEMIX) 96Khz-24bit,springheeledjacks
644064,426547,SciPy,"coding, programming, focus, python",4696863,Inspector Gadget [Dubstep Track],emceechevy
644064,426547,SciPy,"coding, programming, focus, python",4402005,Gerudo Valley Dubstep - Ephixa [Zeldastep],ephixa
