user_id,mix_id,mix_name,mix_tags,track_id,track_name,artist_name,voice_instrumental_value,voice_instrumental_prob,bpm,danceability_value,danceability_prob,tone
538919,439864,Library [the need to read] Sounds,"be chill, acoustic, easy listening, study music, focus",4885050,Daisy,Brand New
538919,439864,Library [the need to read] Sounds,"be chill, acoustic, easy listening, study music, focus",4885058,I'm Safer On An Airplane,Copeland
538919,439864,Library [the need to read] Sounds,"be chill, acoustic, easy listening, study music, focus",4290271,Holocene,Bon Iver,instrumental,0.575878024101,121.937820435,danceable,0.999998927116,minor
538919,439864,Library [the need to read] Sounds,"be chill, acoustic, easy listening, study music, focus",4885093,Video Games,Lana Del Rey
538919,439864,Library [the need to read] Sounds,"be chill, acoustic, easy listening, study music, focus",4885065,Volcano,Damien Rice,instrumental,1,153.51399231,not_danceable,1,minor
538919,439864,Library [the need to read] Sounds,"be chill, acoustic, easy listening, study music, focus",4885101,I've Never Seen A Witch,Lydia
538919,439864,Library [the need to read] Sounds,"be chill, acoustic, easy listening, study music, focus",4885114,Gone Away,SafetySuit
538919,439864,Library [the need to read] Sounds,"be chill, acoustic, easy listening, study music, focus",4885082,Transatlanticism,Death Cab For Cutie,instrumental,0.999998688698,127.045333862,not_danceable,1,major
