user_id,mix_id,mix_name,mix_tags,track_id,track_name,artist_name,voice_instrumental_value,voice_instrumental_prob,bpm,danceability_value,danceability_prob,tone
135174,456603,Keep Movin',"rock, hip hop, focus, motivation",5131120,Vienna,Billy Joel
135174,456603,Keep Movin',"rock, hip hop, focus, motivation",5131130,Written In the Stars,Tinie Tempah
135174,456603,Keep Movin',"rock, hip hop, focus, motivation",5131125,On To the Next One,Jay-Z,instrumental,0.997036874294,88.554977417,not_danceable,1,major
135174,456603,Keep Movin',"rock, hip hop, focus, motivation",5131136,I Will Survive,Cake
135174,456603,Keep Movin',"rock, hip hop, focus, motivation",5131131,The Show Goes On,Lupe Fiasco,voice,0.898242175579,142.941101074,danceable,0.999810814857,major
135174,456603,Keep Movin',"rock, hip hop, focus, motivation",5131145,Live and Let Die,Guns N' Roses
135174,456603,Keep Movin',"rock, hip hop, focus, motivation",5131142,All About Soul (Remix),Billy Joel,voice,0.816998422146,110.852928162,danceable,0.864627063274,minor
135174,456603,Keep Movin',"rock, hip hop, focus, motivation",5131138,Comfort Eagle,Cake
135174,456603,Keep Movin',"rock, hip hop, focus, motivation",5131147,Something's Got To Give,Beastie Boys
