user_id,mix_id,mix_name,mix_tags,track_id,track_name,artist_name,voice_instrumental_value,voice_instrumental_prob,bpm,danceability_value,danceability_prob,tone
659184,460346,Absolute Royalty,"strings, power, focus",5186623,Swimming,Florence and The Machine
659184,460346,Absolute Royalty,"strings, power, focus",5186649,Sail (Instrumental),Awolnation
659184,460346,Absolute Royalty,"strings, power, focus",5186662,Eleanor Rigby (FIGURE remix),The Beatles
659184,460346,Absolute Royalty,"strings, power, focus",5186684,I Belong To You,The Vitamin String Quartet
659184,460346,Absolute Royalty,"strings, power, focus",5186698,Dirty Orchestra,Black Violin
659184,460346,Absolute Royalty,"strings, power, focus",5186723,Röyksopp Forever,Röyksopp
659184,460346,Absolute Royalty,"strings, power, focus",5186748,Lift Me Up,Moby
659184,460346,Absolute Royalty,"strings, power, focus",5186768,They,Jem
659184,460346,Absolute Royalty,"strings, power, focus",5186809,Kashmir,Escala
