user_id,mix_id,mix_name,mix_tags,track_id,track_name,artist_name,voice_instrumental_value,voice_instrumental_prob,bpm,danceability_value,danceability_prob,tone
351787,460471,lyric-less music,"reading, homework, study, instrumental, focus",5188631,"Love Like a Sunset, Pt. I",Phoenix
351787,460471,lyric-less music,"reading, homework, study, instrumental, focus",5188649,Springtime Out The Van Window,Anthony Green
351787,460471,lyric-less music,"reading, homework, study, instrumental, focus",5212283,Tuolumne,Eddie Vedder,instrumental,0.999999880791,108.162391663,danceable,0.993548214436,minor
351787,460471,lyric-less music,"reading, homework, study, instrumental, focus",5188647,The Supine,Andrew Bird,instrumental,0.999999284744,154.925888062,not_danceable,0.974617898464,minor
351787,460471,lyric-less music,"reading, homework, study, instrumental, focus",5212297,Yawny at the Apocalypse,Andrew Bird,instrumental,0.999999344349,135.283294678,not_danceable,1,minor
351787,460471,lyric-less music,"reading, homework, study, instrumental, focus",5212285,Heard Them Stirring,Fleet Foxes,instrumental,0.559890329838,110.013122559,not_danceable,0.923940837383,major
351787,460471,lyric-less music,"reading, homework, study, instrumental, focus",5188653,Yellow Instrumental (Coldplay),Vitamin String Quartet 
351787,460471,lyric-less music,"reading, homework, study, instrumental, focus",5188617,Bella's Lullaby,Carter Burwell,instrumental,0.978972315788,178.205825806,not_danceable,0.999992549419,minor
351787,460471,lyric-less music,"reading, homework, study, instrumental, focus",5188621,Intro,The xx
351787,460471,lyric-less music,"reading, homework, study, instrumental, focus",5188642,Dubzilla,Rebelution
351787,460471,lyric-less music,"reading, homework, study, instrumental, focus",5212290,Team,Bon Iver,instrumental,0.999999880791,112.948631287,not_danceable,1,minor
351787,460471,lyric-less music,"reading, homework, study, instrumental, focus",5188639,Your Hand In Mine,Explosions In the Sky,instrumental,0.999999940395,114.588348389,not_danceable,1,major
351787,460471,lyric-less music,"reading, homework, study, instrumental, focus",5212300,He's A Pirate (Orchestra),Pirates of the Carribean Soundtrack
351787,460471,lyric-less music,"reading, homework, study, instrumental, focus",5212270,Eclectic Strings,Benny Benassi,instrumental,0.981803536415,129.988739014,danceable,0.999943852425,major
