user_id,mix_id,mix_name,mix_tags,track_id,track_name,artist_name,voice_instrumental_value,voice_instrumental_prob,bpm,danceability_value,danceability_prob,tone
720857,460937,Exam Mix,"instrumental, exams, study, focus",5195928,Pirates Of The Carribean Theme (Piano),aaronbyrne
720857,460937,Exam Mix,"instrumental, exams, study, focus",4540038,03 La valse d'Amlie,ostt
720857,460937,Exam Mix,"instrumental, exams, study, focus",5195995,Boulevard of Broken Dreams Vitamin String Quartet tribute to Green Day - YouTube,jessicamazocato
720857,460937,Exam Mix,"instrumental, exams, study, focus",4418551,"In the Hall of the Mountain King - ""The Social Network"" Soundtrack",vipvictor
720857,460937,Exam Mix,"instrumental, exams, study, focus",4611191,Enterprising Young Men,aaapollo
720857,460937,Exam Mix,"instrumental, exams, study, focus",5196093,"Scott Joplin - Bethena, a concert waltz, in G Major",mindwa
720857,460937,Exam Mix,"instrumental, exams, study, focus",5196167,Indiana Jones,billy1997
