user_id,mix_id,mix_name,mix_tags,track_id,track_name,artist_name,voice_instrumental_value,voice_instrumental_prob,bpm,danceability_value,danceability_prob,tone
771515,463877,Meditation,"focus, meditation",5240138,Meditation,Lena Selyanina
771515,463877,Meditation,"focus, meditation",5240035,Meditation,Jiayi
771515,463877,Meditation,"focus, meditation",5239926,Meditation,toniozipa
771515,463877,Meditation,"focus, meditation",5239831,Méditation totale pendant 2 heures  / Total meditation for 2 hours,meditation
771515,463877,Meditation,"focus, meditation",5239783,Valhalla,ZEN
771515,463877,Meditation,"focus, meditation",5240094,Meditation,Windzound
771515,463877,Meditation,"focus, meditation",5239827,Hande - Atma (Mixed by ZeN),ZeN
771515,463877,Meditation,"focus, meditation",5239937,Meditation,Sensisoundz
