user_id,mix_id,mix_name,mix_tags,track_id,track_name,artist_name,voice_instrumental_value,voice_instrumental_prob,bpm,danceability_value,danceability_prob,tone
834251,499055,The Gigi Mix,"gigi d' agostino, techno, trance, sub focus",5528231,"Super (1,2,3)",Gigi D' Agostino
834251,499055,The Gigi Mix,"gigi d' agostino, techno, trance, sub focus",5528234,Bla Bla Bla,Gigi D' Agostino
834251,499055,The Gigi Mix,"gigi d' agostino, techno, trance, sub focus",5528255,Another Way - Angeli in festa,Gigi d'Agostino
834251,499055,The Gigi Mix,"gigi d' agostino, techno, trance, sub focus",5528273,La passion - Angeli in festa,Gigi d'Agostino
834251,499055,The Gigi Mix,"gigi d' agostino, techno, trance, sub focus",5528288,Con Te Partirò,Gigi d'Agostino
834251,499055,The Gigi Mix,"gigi d' agostino, techno, trance, sub focus",5528313,The Final Countdown,Il Folklorista
