user_id,mix_id,mix_name,mix_tags,track_id,track_name,artist_name,voice_instrumental_value,voice_instrumental_prob,bpm,danceability_value,danceability_prob,tone
273589,511576,Climb the book pile and study.,"study, focus, classical, chill, shoegaze",5613169,Xibalba,Clint Mansell,instrumental,0.999998867512,163.421554565,not_danceable,0.99389976263,minor
273589,511576,Climb the book pile and study.,"study, focus, classical, chill, shoegaze",5613107,Death is the Road to Awe,Clint Mansell,instrumental,0.944216072559,109.548088074,not_danceable,0.950439989567,minor
273589,511576,Climb the book pile and study.,"study, focus, classical, chill, shoegaze",5613020,We Never Change,Coldplay
273589,511576,Climb the book pile and study.,"study, focus, classical, chill, shoegaze",5613006,Don't Panic,Coldplay,voice,0.794170796871,117.837928772,danceable,0.896378576756,major
273589,511576,Climb the book pile and study.,"study, focus, classical, chill, shoegaze",5612998,P.S.,Film School,voice,0.532822132111,114.42326355,danceable,0.999999880791,major
273589,511576,Climb the book pile and study.,"study, focus, classical, chill, shoegaze",5612970,The Sad Day,Joby Talbot,instrumental,0.961695313454,143.365478516,not_danceable,0.976085066795,major
273589,511576,Climb the book pile and study.,"study, focus, classical, chill, shoegaze",5612939,The Exhibition,Kaki King,instrumental,1,139.630783081,not_danceable,1,minor
273589,511576,Climb the book pile and study.,"study, focus, classical, chill, shoegaze",5612904,Doing The Wrong Thing,Kaki King,instrumental,0.999999940395,144.678833008,not_danceable,1,minor
273589,511576,Climb the book pile and study.,"study, focus, classical, chill, shoegaze",5612839,Tired Magician,lady danville
273589,511576,Climb the book pile and study.,"study, focus, classical, chill, shoegaze",5612797,On The Nature Of Daylight,Max Richter,instrumental,0.999999821186,125.654769897,not_danceable,0.640584111214,minor
273589,511576,Climb the book pile and study.,"study, focus, classical, chill, shoegaze",5612731,The Perfect Con,Nathan Johnson
273589,511576,Climb the book pile and study.,"study, focus, classical, chill, shoegaze",5612689,Penelopes Theme,Nathan Johnson
273589,511576,Climb the book pile and study.,"study, focus, classical, chill, shoegaze",5612666,Love Like A Sunset,Phoenix
273589,511576,Climb the book pile and study.,"study, focus, classical, chill, shoegaze",5612570,The Duchess,Rachel Portman,instrumental,0.968766391277,116.436195374,not_danceable,0.999983608723,major
273589,511576,Climb the book pile and study.,"study, focus, classical, chill, shoegaze",5612550,Pet Grief,The Radio Dept.
273589,511576,Climb the book pile and study.,"study, focus, classical, chill, shoegaze",5612512,Gibraltar,The Radio Dept.
273589,511576,Climb the book pile and study.,"study, focus, classical, chill, shoegaze",5612494,Sleeping Lessons,The Shins
273589,511576,Climb the book pile and study.,"study, focus, classical, chill, shoegaze",5612456,Throwing Stones,Shout Out Louds
273589,511576,Climb the book pile and study.,"study, focus, classical, chill, shoegaze",5612428,Hard Rain,The Shout Out Louds
273589,511576,Climb the book pile and study.,"study, focus, classical, chill, shoegaze",5612367,Hide And Seek,Time for Three
273589,511576,Climb the book pile and study.,"study, focus, classical, chill, shoegaze",5612319,Les Deux Pianos,Yann Tiersen,instrumental,0.999986708164,115.223579407,not_danceable,0.996664822102,major
273589,511576,Climb the book pile and study.,"study, focus, classical, chill, shoegaze",5612299,L'Autre Valse D'Amelie,Yann Tiersen,instrumental,0.943659305573,106.011779785,not_danceable,0.943109333515,major
273589,511576,Climb the book pile and study.,"study, focus, classical, chill, shoegaze",5612282,Rain,Ryuichi Sakamoto
273589,511576,Climb the book pile and study.,"study, focus, classical, chill, shoegaze",5612213,Merry Christmas Mr. Lawrence,Ryuichi Sakamoto
273589,511576,Climb the book pile and study.,"study, focus, classical, chill, shoegaze",5661409,Swimming,Abel Korzeniowski
273589,511576,Climb the book pile and study.,"study, focus, classical, chill, shoegaze",5661387,Sunset,Abel Korzeniowski
273589,511576,Climb the book pile and study.,"study, focus, classical, chill, shoegaze",5661353,Jynweythek Ylow,Aphex Twin,instrumental,0.99998664856,119.922355652,not_danceable,0.990088641644,minor
273589,511576,Climb the book pile and study.,"study, focus, classical, chill, shoegaze",5661316,Superconnected,Broken Social Scene
273589,511576,Climb the book pile and study.,"study, focus, classical, chill, shoegaze",5303378,The Rip Tide,Beirut,instrumental,0.942969799042,148.973999023,not_danceable,0.996384143829,major
