user_id,mix_id,mix_name,mix_tags,track_id,track_name,artist_name,voice_instrumental_value,voice_instrumental_prob,bpm,danceability_value,danceability_prob,tone
435664,611113,The Big Chill: M,"indie rock, indie folk, chill, focus, electronic",6303610,New Hampshire,Matt Pond PA
435664,611113,The Big Chill: M,"indie rock, indie folk, chill, focus, electronic",6303608,Seashell Tale,M. Ward
435664,611113,The Big Chill: M,"indie rock, indie folk, chill, focus, electronic",6303604,The World At Large,Modest Mouse
435664,611113,The Big Chill: M,"indie rock, indie folk, chill, focus, electronic",6303602,We Are Not A Football Team,Minus the Bear,instrumental,0.926955461502,117.612503052,danceable,0.505665302277,major
435664,611113,The Big Chill: M,"indie rock, indie folk, chill, focus, electronic",6303601,ANIMAL TRACKS,Mountain Man,voice,0.946626603603,132.093734741,not_danceable,0.955775797367,major
435664,611113,The Big Chill: M,"indie rock, indie folk, chill, focus, electronic",6303598,You Talk All Night,My Sad Captains,instrumental,0.789575755596,119.226860046,danceable,0.977788805962,major
435664,611113,The Big Chill: M,"indie rock, indie folk, chill, focus, electronic",6303594,Jorge Regula,The Moldy Peaches
435664,611113,The Big Chill: M,"indie rock, indie folk, chill, focus, electronic",6303591,Live Forever,Moby
435664,611113,The Big Chill: M,"indie rock, indie folk, chill, focus, electronic",6303589,Julia,"Medeski, Scofield, Martin & Wood"
435664,611113,The Big Chill: M,"indie rock, indie folk, chill, focus, electronic",6303586,History Lesson - Part II,Minutemen,instrumental,0.774000585079,122.303688049,not_danceable,0.843816578388,major
435664,611113,The Big Chill: M,"indie rock, indie folk, chill, focus, electronic",6303585,For The Trees,Matmos,instrumental,0.710553228855,90.0022201538,not_danceable,1,major
435664,611113,The Big Chill: M,"indie rock, indie folk, chill, focus, electronic",6303583,Liar,Mumford & Sons
435664,611113,The Big Chill: M,"indie rock, indie folk, chill, focus, electronic",6303580,Headless Horseman,The Microphones,instrumental,1,99.0980987549,danceable,0.934962570667,minor
435664,611113,The Big Chill: M,"indie rock, indie folk, chill, focus, electronic",6303579,The Island of Children's Children,múm
435664,611113,The Big Chill: M,"indie rock, indie folk, chill, focus, electronic",6303576,I'll Be Yr Bird,M. Ward
435664,611113,The Big Chill: M,"indie rock, indie folk, chill, focus, electronic",6303572,Aurora Borealis,Meat Puppets
435664,611113,The Big Chill: M,"indie rock, indie folk, chill, focus, electronic",6303568,Temazcal,Monsters Of Folk,voice,0.9571647048,142.182098389,danceable,0.610997974873,major
435664,611113,The Big Chill: M,"indie rock, indie folk, chill, focus, electronic",6303562,Flowers In December,Mazzy Star,instrumental,0.776490867138,93.935005188,danceable,0.773772656918,major
435664,611113,The Big Chill: M,"indie rock, indie folk, chill, focus, electronic",6303559,Burial,Miike Snow
435664,611113,The Big Chill: M,"indie rock, indie folk, chill, focus, electronic",6303556,Darling (Reprise),Magic Man
435664,611113,The Big Chill: M,"indie rock, indie folk, chill, focus, electronic",6303550,Sometimes,My Bloody Valentine
435664,611113,The Big Chill: M,"indie rock, indie folk, chill, focus, electronic",6303548,Flamenco Sketches,Miles Davis,instrumental,0.974373996258,112.072433472,not_danceable,1,minor
435664,611113,The Big Chill: M,"indie rock, indie folk, chill, focus, electronic",6303546,Posh Isolation Mp3,Menomena
435664,611113,The Big Chill: M,"indie rock, indie folk, chill, focus, electronic",6303541,Nightly Cares,múm
435664,611113,The Big Chill: M,"indie rock, indie folk, chill, focus, electronic",6303536,Hotel Intro,Moby,instrumental,0.966268241405,94.5781402588,not_danceable,1,major
435664,611113,The Big Chill: M,"indie rock, indie folk, chill, focus, electronic",6303534,Love Is a Place,Metric,instrumental,1,155.608062744,not_danceable,1,major
435664,611113,The Big Chill: M,"indie rock, indie folk, chill, focus, electronic",6303531,By My Angel,Mazzy Star
435664,611113,The Big Chill: M,"indie rock, indie folk, chill, focus, electronic",6303530,Exchange,Massive Attack,instrumental,0.989236652851,123.939979553,danceable,0.908506095409,major
435664,611113,The Big Chill: M,"indie rock, indie folk, chill, focus, electronic",6303525,Thanks For Nothing,Middle Brother
435664,611113,The Big Chill: M,"indie rock, indie folk, chill, focus, electronic",6303522,Sleepwalkin',Modest Mouse
435664,611113,The Big Chill: M,"indie rock, indie folk, chill, focus, electronic",6303520,In The Cold I'm Standing,M83,instrumental,1,142.53352356,not_danceable,1,minor
