user_id,mix_id,mix_name,mix_tags,track_id,track_name,artist_name,voice_instrumental_value,voice_instrumental_prob,bpm,danceability_value,danceability_prob,tone
776184,726502,Get Pumped to Focus.,"get pumped to focus, fun mix, chelsea breuer",4311649,Mac Miller - Love Lost,FÜSECLOTHING
776184,726502,Get Pumped to Focus.,"get pumped to focus, fun mix, chelsea breuer",5048371,Tommy Chong (feat. Macklemore)- Blue Scholars,bigosmusicsource.com:::
776184,726502,Get Pumped to Focus.,"get pumped to focus, fun mix, chelsea breuer",6079959,G-Easy - Runaround Sue,bobs beats
776184,726502,Get Pumped to Focus.,"get pumped to focus, fun mix, chelsea breuer",6519911,G-Eazy - Waspy,Sneakhype
776184,726502,Get Pumped to Focus.,"get pumped to focus, fun mix, chelsea breuer",7207508,Dat New New - Kid Cudi,redlipsandcurvyhips
776184,726502,Get Pumped to Focus.,"get pumped to focus, fun mix, chelsea breuer",7210230,It's the Dean's List - Dear Professor,ImpoMatic
