user_id,mix_id,mix_name,mix_tags,track_id,track_name,artist_name,voice_instrumental_value,voice_instrumental_prob,bpm,danceability_value,danceability_prob,tone
1381508,745040,Diversions. ,"summer, studying, not studying, focus",7351482,Skinny Love,Birdy,voice,0.541010856628,172.265411377,not_danceable,0.990663409233,major
1381508,745040,Diversions. ,"summer, studying, not studying, focus",7351528,Daydreaming (Supply And Demand Remix),Dark Dark Dark 
1381508,745040,Diversions. ,"summer, studying, not studying, focus",7351608,One Midnight With You (Mayer Hawthorne x M83),The Hood Internet
1381508,745040,Diversions. ,"summer, studying, not studying, focus",7351626,I ♥ U So,Cassius,instrumental,0.85162961483,125.805603027,not_danceable,1,minor
1381508,745040,Diversions. ,"summer, studying, not studying, focus",7351635,Young Blood,Birdy
1381508,745040,Diversions. ,"summer, studying, not studying, focus",7351647,Comeback Kid,Sleigh Bells,voice,0.91937315464,80.2276992798,danceable,0.977121889591,major
1381508,745040,Diversions. ,"summer, studying, not studying, focus",7351656,Real You (Lil B vs Gold Panda),The Hood Internet
1381508,745040,Diversions. ,"summer, studying, not studying, focus",7351660,Golden,Bear Hands
