user_id,mix_id,mix_name,mix_tags,track_id,track_name,artist_name,voice_instrumental_value,voice_instrumental_prob,bpm,danceability_value,danceability_prob,tone
945311,774693,Indie super collection,"summer, study, indie rock, indie, focus",7670190,Radio Song,Superbus
945311,774693,Indie super collection,"summer, study, indie rock, indie, focus",7670183,We Used to Wait,Arcade Fire,voice,0.87237226963,121.048881531,not_danceable,0.538145244122,minor
945311,774693,Indie super collection,"summer, study, indie rock, indie, focus",7670087,Brighter Than Sunshine,Aqualung
945311,774693,Indie super collection,"summer, study, indie rock, indie, focus",7670070,Rill Rill,Sleigh Bells,voice,0.990262269974,146.340194702,danceable,0.997585475445,minor
945311,774693,Indie super collection,"summer, study, indie rock, indie, focus",7677223,Colours,Grouplove
945311,774693,Indie super collection,"summer, study, indie rock, indie, focus",7677262,Dog Days Are Over,Florence + The Machine,voice,0.751553535461,150.00177002,danceable,0.904182493687,major
945311,774693,Indie super collection,"summer, study, indie rock, indie, focus",7677301,Dry the Rain,The Beta Band
945311,774693,Indie super collection,"summer, study, indie rock, indie, focus",7677322,I Do,Colbie Caillat
945311,774693,Indie super collection,"summer, study, indie rock, indie, focus",7677357,Mouthful of Diamonds,Phantogram
945311,774693,Indie super collection,"summer, study, indie rock, indie, focus",7677386,Perth,Bon Iver,instrumental,0.880041480064,119.775016785,not_danceable,0.971265733242,major
945311,774693,Indie super collection,"summer, study, indie rock, indie, focus",7677406,"Sing, Theresa Says",Greg Laswell,instrumental,0.822569489479,144.870269775,not_danceable,0.815017461777,minor
945311,774693,Indie super collection,"summer, study, indie rock, indie, focus",7677418,Two Against One (feat. Jack White),Danger Mouse & Daniele Luppi
945311,774693,Indie super collection,"summer, study, indie rock, indie, focus",7677470,I Follow Rivers,Lykke Li,instrumental,0.71889680624,122.476394653,danceable,0.531559169292,minor
945311,774693,Indie super collection,"summer, study, indie rock, indie, focus",7677488,Louder Than Ever,Cold War Kids,instrumental,0.646709144115,151.470016479,danceable,0.91595685482,minor
945311,774693,Indie super collection,"summer, study, indie rock, indie, focus",7677505,Naked Kids,Grouplove,voice,0.979282975197,104.944526672,danceable,0.574955642223,major
945311,774693,Indie super collection,"summer, study, indie rock, indie, focus",7677528,The Breakup,The Rural Alberta Advantage,instrumental,0.992419064045,156.360351562,not_danceable,1,minor
945311,774693,Indie super collection,"summer, study, indie rock, indie, focus",6126575,Kings of Leon - Sex Is On Fire,user98722
945311,774693,Indie super collection,"summer, study, indie rock, indie, focus",5421268,Spoon - I Summon You,cairo-the-nomad
945311,774693,Indie super collection,"summer, study, indie rock, indie, focus",7576480,The Underdog,Spoon,voice,0.912877082825,144.865936279,danceable,0.956513643265,major
945311,774693,Indie super collection,"summer, study, indie rock, indie, focus",7569704,Airplanes,Local Natives
945311,774693,Indie super collection,"summer, study, indie rock, indie, focus",7677774,Head Full of Doubt / Road Full of Promise,The Avett Brothers,instrumental,0.897316157818,178.206222534,not_danceable,0.905008673668,major
945311,774693,Indie super collection,"summer, study, indie rock, indie, focus",7677811,Holocene,Bon Iver,instrumental,0.575878024101,121.937820435,danceable,0.999998927116,minor
945311,774693,Indie super collection,"summer, study, indie rock, indie, focus",7677832,Skinny Love,Bon Iver
945311,774693,Indie super collection,"summer, study, indie rock, indie, focus",7677887,Till I Get There,Lupe Fiasco,voice,0.628332912922,86.9857254028,danceable,0.996301651001,major
945311,774693,Indie super collection,"summer, study, indie rock, indie, focus",7677921,"Yoshimi Battles the Pink Robots, Pt. 1",The Flaming Lips
945311,774693,Indie super collection,"summer, study, indie rock, indie, focus",7677950,Big Wave,Jenny and Johnny,voice,0.71682035923,144.259368896,danceable,0.687574446201,major
945311,774693,Indie super collection,"summer, study, indie rock, indie, focus",7677993,The Funeral,Band of Horses
945311,774693,Indie super collection,"summer, study, indie rock, indie, focus",7678013,Volunteers,Megafaun
945311,774693,Indie super collection,"summer, study, indie rock, indie, focus",5512805,Cold War Kids - Hang Me Up To Dry,dmtheriault
945311,774693,Indie super collection,"summer, study, indie rock, indie, focus",7678200,Calgary,Bon Iver
945311,774693,Indie super collection,"summer, study, indie rock, indie, focus",4454253,Band Of Horses - Life On Earth,ryanwillsy
945311,774693,Indie super collection,"summer, study, indie rock, indie, focus",7678292,Vampire Weekend First Time,wxpnfm
945311,774693,Indie super collection,"summer, study, indie rock, indie, focus",7678381,Helena Beat,Foster the People,voice,0.995584905148,127.034118652,danceable,0.987193584442,major
945311,774693,Indie super collection,"summer, study, indie rock, indie, focus",7678409,Lonely Boy,The Black Keys
945311,774693,Indie super collection,"summer, study, indie rock, indie, focus",7678450,Poor Atlas,Dessa,voice,0.999736905098,164.943557739,not_danceable,0.948653578758,minor
945311,774693,Indie super collection,"summer, study, indie rock, indie, focus",7678477,Pumped Up Kicks,Foster the People
945311,774693,Indie super collection,"summer, study, indie rock, indie, focus",7678515,Head Full of Doubt / Road Full of Promise,The Avett Brothers,instrumental,0.897316157818,178.206222534,not_danceable,0.905008673668,major
945311,774693,Indie super collection,"summer, study, indie rock, indie, focus",7678541,Modern Man,Arcade Fire
945311,774693,Indie super collection,"summer, study, indie rock, indie, focus",7678565,Paradise,Coldplay
945311,774693,Indie super collection,"summer, study, indie rock, indie, focus",7678573,Tighten Up,The Black Keys
945311,774693,Indie super collection,"summer, study, indie rock, indie, focus",7678603,Dixon's Girl,Dessa,voice,0.994813740253,105.741294861,danceable,0.864605545998,minor
945311,774693,Indie super collection,"summer, study, indie rock, indie, focus",7678625,City With No Children,Arcade Fire,voice,0.99561470747,128.203979492,not_danceable,0.999986708164,major
945311,774693,Indie super collection,"summer, study, indie rock, indie, focus",7678667,Last Nite,The Strokes
945311,774693,Indie super collection,"summer, study, indie rock, indie, focus",7678710,Boyz In the Hood,Dynamite Hack
945311,774693,Indie super collection,"summer, study, indie rock, indie, focus",7678762,Freefallin',Atmosphere,voice,0.880376577377,93.9622879028,not_danceable,1,major
