user_id,mix_id,mix_name,mix_tags,track_id,track_name,artist_name,voice_instrumental_value,voice_instrumental_prob,bpm,danceability_value,danceability_prob,tone
207673,822472,Overlooking The City,"focus, calm, chill, relax",7916309,Round And Round,Imagine Dragons  
207673,822472,Overlooking The City,"focus, calm, chill, relax",7916321,Open Season,High Highs
207673,822472,Overlooking The City,"focus, calm, chill, relax",7916332,Mountain Sound  , Of Monsters & Men
207673,822472,Overlooking The City,"focus, calm, chill, relax",7916341,Take My Hand,League   
207673,822472,Overlooking The City,"focus, calm, chill, relax",7916347, What We Had,The Drums  
207673,822472,Overlooking The City,"focus, calm, chill, relax",7916360,Letting Go,Blackbird Blackbird   
207673,822472,Overlooking The City,"focus, calm, chill, relax",7916364,Two,The Antlers
207673,822472,Overlooking The City,"focus, calm, chill, relax",7916373,You Are My Sun,Sun Kil Moon   ,voice,0.699851930141,164.094146729,not_danceable,0.979390025139,major
