user_id,mix_id,mix_name,mix.tags,track_id,track_name,artist_name
56845,130222,for when you need to think,"think, calm, focus",886940,Let The River In,Radical Face
56845,130222,for when you need to think,"think, calm, focus",887019,Asleep,The Smiths
56845,130222,for when you need to think,"think, calm, focus",887780,Konstantine,Something Corporate
56845,130222,for when you need to think,"think, calm, focus",894089,Asleep On A Train,Radical Face
56845,130222,for when you need to think,"think, calm, focus",894076,Yellow Brick Road,Angus & Julia Stone
56845,130222,for when you need to think,"think, calm, focus",894079, No Need To Argue,The Cranberries
56845,130222,for when you need to think,"think, calm, focus",894073,Lady In Spain,Ingrid Michaelson
56845,130222,for when you need to think,"think, calm, focus",894088,La Valse des Monstres,Yann Tiersen
