user_id,mix_id,mix_name,mix.tags,track_id,track_name,artist_name
135086,185241,"Warm nights in, with that inbetween mood.","pop, fingerbanger friday focusless, rock",1253607,Pickup Truck,Kings Of Leon
135086,185241,"Warm nights in, with that inbetween mood.","pop, fingerbanger friday focusless, rock",1253609,Daydream,Beach Fossils
135086,185241,"Warm nights in, with that inbetween mood.","pop, fingerbanger friday focusless, rock",1253610,Birthday,Kings Of Leon
135086,185241,"Warm nights in, with that inbetween mood.","pop, fingerbanger friday focusless, rock",1253612,Crosses,Jose Gonzalez
135086,185241,"Warm nights in, with that inbetween mood.","pop, fingerbanger friday focusless, rock",1253615,Street Lights,Kanye West
135086,185241,"Warm nights in, with that inbetween mood.","pop, fingerbanger friday focusless, rock",1253621,Coming Up Easy,Paolo Nutini
135086,185241,"Warm nights in, with that inbetween mood.","pop, fingerbanger friday focusless, rock",1253623,You Do Something To Me,Paul Weller
135086,185241,"Warm nights in, with that inbetween mood.","pop, fingerbanger friday focusless, rock",1253626,The Fever,Bruce Springsteen
