user_id,mix_id,mix_name,mix.tags,track_id,track_name,artist_name
150117,193350,Bring the change,"rock, focus, change, alternative",1370606,Vagabond,Wolfmother
150117,193350,Bring the change,"rock, focus, change, alternative",1370599,Can't Stop,Red Hot Chili Peppers
150117,193350,Bring the change,"rock, focus, change, alternative",1370691,Closer to the Sun,Slightly Stoopid
150117,193350,Bring the change,"rock, focus, change, alternative",1370653,Ooh la la,Faces
150117,193350,Bring the change,"rock, focus, change, alternative",1370677,You Make My Dreams Come True  ,Hall & Oates                  
150117,193350,Bring the change,"rock, focus, change, alternative",1370649,Home,Edward Sharpe & The Magnetic Zeros
150117,193350,Bring the change,"rock, focus, change, alternative",1370637,All Apologies,Nirvana
150117,193350,Bring the change,"rock, focus, change, alternative",1370659,Sleepyhead,Passion Pit
