user_id,mix_id,mix_name,mix.tags,track_id,track_name,artist_name
207637,226672,Nose to the Grind,"indie, electronic, focus, dubstep, homework",1847581,Intro,xx
207637,226672,Nose to the Grind,"indie, electronic, focus, dubstep, homework",1847532,Ltlp,Edit)
207637,226672,Nose to the Grind,"indie, electronic, focus, dubstep, homework",1847608,Deltitnu,Aydio
207637,226672,Nose to the Grind,"indie, electronic, focus, dubstep, homework",1847525,Turquoise Hexagon Sun,Boards of Canada
207637,226672,Nose to the Grind,"indie, electronic, focus, dubstep, homework",1847588,Ghostwriter,RJD2
207637,226672,Nose to the Grind,"indie, electronic, focus, dubstep, homework",1847614,Cherry,Ratatat
207637,226672,Nose to the Grind,"indie, electronic, focus, dubstep, homework",1847565,Magic Spells,Crystal Castles
207637,226672,Nose to the Grind,"indie, electronic, focus, dubstep, homework",1847494,Bunny & Duck's Boat House,Y.A.C.H.T.
