user_id,mix_id,mix_name,mix.tags,track_id,track_name,artist_name
168835,231634,In the Zone,"rock, focus, energy, deftones, buckethead",1920231,Coma,Buckethead
168835,231634,In the Zone,"rock, focus, energy, deftones, buckethead",1920271,Digital Bath,Deftones
168835,231634,In the Zone,"rock, focus, energy, deftones, buckethead",1920294,Won't Back Down,Fuel
168835,231634,In the Zone,"rock, focus, energy, deftones, buckethead",1920309,Set It Off,Audioslave
168835,231634,In the Zone,"rock, focus, energy, deftones, buckethead",1920348,Place for my Head,Linkin Park
168835,231634,In the Zone,"rock, focus, energy, deftones, buckethead",1920380,Find My Way,P.O.D.
168835,231634,In the Zone,"rock, focus, energy, deftones, buckethead",1920407,Blackest Eyes,Porcupine Tree
168835,231634,In the Zone,"rock, focus, energy, deftones, buckethead",1920447,Let's Go,Speak No Evil
