user_id,mix_id,mix_name,mix.tags,track_id,track_name,artist_name
207938,281172,puzzle makin' music,focus jamz,2646686,Before I Move Off,Mount Kimbie
207938,281172,puzzle makin' music,focus jamz,2646691,Carnabailito,GABY KERPEL
207938,281172,puzzle makin' music,focus jamz,2646695,Jodida pero contenta,Buika
207938,281172,puzzle makin' music,focus jamz,2646740,Good Intentions Paving Company,Joanna Newsom
207938,281172,puzzle makin' music,focus jamz,2646698,I'm Beamin (Bonus Track),Lupe Fiasco
207938,281172,puzzle makin' music,focus jamz,2646704,Rolling In The Deep,Adele
207938,281172,puzzle makin' music,focus jamz,2646743,"Who Knows, Who Cares",Local Natives
207938,281172,puzzle makin' music,focus jamz,2646769,Home,LCD Soundsystem
