user_id,mix_id,mix_name,mix.tags,track_id,track_name,artist_name
33366,281369,The Morning Drive.,"cool, driving, morning, focus, iphone",2649180,Don't Get Stuck (Proud Elephants),Delicate Steve
33366,281369,The Morning Drive.,"cool, driving, morning, focus, iphone",2649363,Come Home,Alpha 9
33366,281369,The Morning Drive.,"cool, driving, morning, focus, iphone",2649218,Walking On A Dream,Empire Of The Sun
33366,281369,The Morning Drive.,"cool, driving, morning, focus, iphone",2649231,Dice of Life (The Battle),Andre Nickatina
33366,281369,The Morning Drive.,"cool, driving, morning, focus, iphone",2649258,Paper Planes,M.I.A.
33366,281369,The Morning Drive.,"cool, driving, morning, focus, iphone",2649310,Weekend Wars,MGMT
33366,281369,The Morning Drive.,"cool, driving, morning, focus, iphone",2649323,X & Y,Coldplay
33366,281369,The Morning Drive.,"cool, driving, morning, focus, iphone",2649287,Time,Hans Zimmer
