user_id,mix_id,mix_name,mix.tags,track_id,track_name,artist_name
536544,393660,The Devil. (XV.),"experiencing bondage, focusing on the material, staying in ignorance, feeling hopeless, major arcana",4920788,Poor Unfortunate Souls [The Little Mermaid],Pat Carroll
536544,393660,The Devil. (XV.),"experiencing bondage, focusing on the material, staying in ignorance, feeling hopeless, major arcana",4229922,Gimme More Who (Britney Spears VS. The Who),Audiotarot
536544,393660,The Devil. (XV.),"experiencing bondage, focusing on the material, staying in ignorance, feeling hopeless, major arcana",4230113,Against The Floor,"Jennifer Lopez, Rihanna & Britney Spears"
536544,393660,The Devil. (XV.),"experiencing bondage, focusing on the material, staying in ignorance, feeling hopeless, major arcana",4230053,Time to Pretend,MGMT
536544,393660,The Devil. (XV.),"experiencing bondage, focusing on the material, staying in ignorance, feeling hopeless, major arcana",4230226,Lover I Don't Have To Love,Bright Eyes
536544,393660,The Devil. (XV.),"experiencing bondage, focusing on the material, staying in ignorance, feeling hopeless, major arcana",4230018,After Every Party I Die,IAMX
536544,393660,The Devil. (XV.),"experiencing bondage, focusing on the material, staying in ignorance, feeling hopeless, major arcana",4230024,Zombie (N.E.Z Radio Remix),The Cranberries
536544,393660,The Devil. (XV.),"experiencing bondage, focusing on the material, staying in ignorance, feeling hopeless, major arcana",4229877,Deluxed (Delerium Remix),Clint Mansell
536544,393660,The Devil. (XV.),"experiencing bondage, focusing on the material, staying in ignorance, feeling hopeless, major arcana",4229952,Love Out Of Lust,Lykke Li
