user_id,mix_id,mix_name,mix.tags,track_id,track_name,artist_name
538919,397908,Insomnia [staying up late] Sounds,"easy listening, relax, acoustic, indie, focus",4060164,Angel,Massive Attack
538919,397908,Insomnia [staying up late] Sounds,"easy listening, relax, acoustic, indie, focus",4290269,Naked As We Came,Iron and Wine
538919,397908,Insomnia [staying up late] Sounds,"easy listening, relax, acoustic, indie, focus",4290270,Burn One Down,Ben Harper
538919,397908,Insomnia [staying up late] Sounds,"easy listening, relax, acoustic, indie, focus",4290271,Holocene,Bon Iver
538919,397908,Insomnia [staying up late] Sounds,"easy listening, relax, acoustic, indie, focus",4290272,Candles,ohDaughter
538919,397908,Insomnia [staying up late] Sounds,"easy listening, relax, acoustic, indie, focus",4290273,Svefn-G-Englar,Sigur Ros
538919,397908,Insomnia [staying up late] Sounds,"easy listening, relax, acoustic, indie, focus",4290275,Love,ohDaughter
538919,397908,Insomnia [staying up late] Sounds,"easy listening, relax, acoustic, indie, focus",4290276,Sleep Alone,Bat For Lashes
538919,397908,Insomnia [staying up late] Sounds,"easy listening, relax, acoustic, indie, focus",4290296,Green Grass Of Tunnels,múm
