user_id,mix_id,mix_name,mix.tags,track_id,track_name,artist_name
538919,406163,Stockholm Volume 2,"chill out, relax, comforting music, piano, focus",4406170,To Build A Home,The Cinematic Orchestra
538919,406163,Stockholm Volume 2,"chill out, relax, comforting music, piano, focus",4406215,Intro,The xx
538919,406163,Stockholm Volume 2,"chill out, relax, comforting music, piano, focus",4406193,Hometown Glory,Adele
538919,406163,Stockholm Volume 2,"chill out, relax, comforting music, piano, focus",4406221,Boats and Birds,Gregory and the Hawk
538919,406163,Stockholm Volume 2,"chill out, relax, comforting music, piano, focus",4059840,Nuvole bianche, Ludovico Einaudi 
538919,406163,Stockholm Volume 2,"chill out, relax, comforting music, piano, focus",4059839,Miasmal Smoke & The Yellow Bellied Freaks,Wintersleep
538919,406163,Stockholm Volume 2,"chill out, relax, comforting music, piano, focus",4059841,Comforting Sounds,Mew
538919,406163,Stockholm Volume 2,"chill out, relax, comforting music, piano, focus",4406163,We laugh indoors,Death Cab For Cutie
