user_id,mix_id,mix_name,mix.tags,track_id,track_name,artist_name
87768,411691,PSAT #TwoThingsThatDontMix Cypher,"study, psat, focus, chill",4228475,Baths - Maximalist,ericstein
87768,411691,PSAT #TwoThingsThatDontMix Cypher,"study, psat, focus, chill",4484752,Death Cab for Cutie - Doors Unlocked And Open [Cut Copy Remix],Death Cab for Cutie
87768,411691,PSAT #TwoThingsThatDontMix Cypher,"study, psat, focus, chill",4484799,Theophilus London - Why Even Try (RAC Remix),TheophilusLondon
87768,411691,PSAT #TwoThingsThatDontMix Cypher,"study, psat, focus, chill",4484769,02 B.I.G. E.G.O.,magnesiums
87768,411691,PSAT #TwoThingsThatDontMix Cypher,"study, psat, focus, chill",4484797,Nightcrawler,NOSAJ THING
87768,411691,PSAT #TwoThingsThatDontMix Cypher,"study, psat, focus, chill",4484755,"""Sunporch"" By Walls",Kompakt
87768,411691,PSAT #TwoThingsThatDontMix Cypher,"study, psat, focus, chill",4484851,Lully Loure,LE CHEVALIER
