user_id,mix_id,mix_name,mix.tags,track_id,track_name,artist_name
228255,430992,For when you need to train to fight that Russian.,"fighting, workout, 80's, focus",4758727,In the Air Tonight,Phil Collins
228255,430992,For when you need to train to fight that Russian.,"fighting, workout, 80's, focus",4758638,The Adventure,Angels and Airwaves
228255,430992,For when you need to train to fight that Russian.,"fighting, workout, 80's, focus",4758813,Drive It Like You Stole It,The Glitch Mob
228255,430992,For when you need to train to fight that Russian.,"fighting, workout, 80's, focus",4758608,Lose Yourself,Eminem
228255,430992,For when you need to train to fight that Russian.,"fighting, workout, 80's, focus",4758627,Power,Kanye West
228255,430992,For when you need to train to fight that Russian.,"fighting, workout, 80's, focus",4758819,Start Shootin,Little People
228255,430992,For when you need to train to fight that Russian.,"fighting, workout, 80's, focus",4758597,Heart's on Fire,John Cafferty
228255,430992,For when you need to train to fight that Russian.,"fighting, workout, 80's, focus",4758634,Kickstart My Heart,Mötley Crüe
228255,430992,For when you need to train to fight that Russian.,"fighting, workout, 80's, focus",4758718,The Fire (Feat. John Legend),The Roots
