user_id,mix_id,mix_name,mix.tags,track_id,track_name,artist_name
538919,439864,Library [the need to read] Sounds,"be chill, acoustic, easy listening, study music, focus",4885050,Daisy,Brand New
538919,439864,Library [the need to read] Sounds,"be chill, acoustic, easy listening, study music, focus",4885058,I'm Safer On An Airplane,Copeland
538919,439864,Library [the need to read] Sounds,"be chill, acoustic, easy listening, study music, focus",4290271,Holocene,Bon Iver
538919,439864,Library [the need to read] Sounds,"be chill, acoustic, easy listening, study music, focus",4885093,Video Games,Lana Del Rey
538919,439864,Library [the need to read] Sounds,"be chill, acoustic, easy listening, study music, focus",4885065,Volcano,Damien Rice
538919,439864,Library [the need to read] Sounds,"be chill, acoustic, easy listening, study music, focus",4885101,I've Never Seen A Witch,Lydia
538919,439864,Library [the need to read] Sounds,"be chill, acoustic, easy listening, study music, focus",4885114,Gone Away,SafetySuit
538919,439864,Library [the need to read] Sounds,"be chill, acoustic, easy listening, study music, focus",4885082,Transatlanticism,Death Cab For Cutie
