user_id,mix_id,mix_name,mix.tags,track_id,track_name,artist_name
420317,442595,Detox Playlist,"detox, chill, good time, friends, focus",4924538,City Love,John Mayer
420317,442595,Detox Playlist,"detox, chill, good time, friends, focus",4924497,"Lift Off (RedMix) (Jay-Z, Beyonce, Kanye West)",myhotmusic
420317,442595,Detox Playlist,"detox, chill, good time, friends, focus",4924501,Show Me A Good Time,masshimaro
420317,442595,Detox Playlist,"detox, chill, good time, friends, focus",4346439,Frank Ocean - Thinking About You (Keumel Edit),Keumel
420317,442595,Detox Playlist,"detox, chill, good time, friends, focus",4924506,Drake - Thank Me Now,PC21Records
420317,442595,Detox Playlist,"detox, chill, good time, friends, focus",4924508,J. Cole - God's Gift,Clix541
420317,442595,Detox Playlist,"detox, chill, good time, friends, focus",4924511,Franco- A Mass For The End Of Time,Ocho Toleran
420317,442595,Detox Playlist,"detox, chill, good time, friends, focus",4924575,Promenade,Rampqueen
