user_id,mix_id,mix_name,mix.tags,track_id,track_name,artist_name
420317,443435,Work Concentration,"work, focus, concentrate, office",4719590,Timbaland - Apologize (feat. One Republic),devphilem
420317,443435,Work Concentration,"work, focus, concentrate, office",4936728,Avalanche,David Cook
420317,443435,Work Concentration,"work, focus, concentrate, office",4936921,The Truth,Kris Allen
420317,443435,Work Concentration,"work, focus, concentrate, office",4936724,Franco Reyes - Touch The Sky,iamLHORD
420317,443435,Work Concentration,"work, focus, concentrate, office",4936747,Lifehouse - Everything,Longshotxx
420317,443435,Work Concentration,"work, focus, concentrate, office",4937062,Ironic (Acoustic),Alanis Morissette
420317,443435,Work Concentration,"work, focus, concentrate, office",4936779,You Oughta Know (Acoustic),alanismorissette
420317,443435,Work Concentration,"work, focus, concentrate, office",4936982,Undiscovered,James Morrison
420317,443435,Work Concentration,"work, focus, concentrate, office",4296700,Linkin Park - Waiting For The End,Racoon Rae
