user_id,mix_id,mix_name,mix.tags,track_id,track_name,artist_name
135174,456603,Keep Movin',"rock, hip hop, focus, motivation",5131120,Vienna,Billy Joel
135174,456603,Keep Movin',"rock, hip hop, focus, motivation",5131130,Written In the Stars,Tinie Tempah
135174,456603,Keep Movin',"rock, hip hop, focus, motivation",5131125,On To the Next One,Jay-Z
135174,456603,Keep Movin',"rock, hip hop, focus, motivation",5131136,I Will Survive,Cake
135174,456603,Keep Movin',"rock, hip hop, focus, motivation",5131131,The Show Goes On,Lupe Fiasco
135174,456603,Keep Movin',"rock, hip hop, focus, motivation",5131145,Live and Let Die,Guns N' Roses
135174,456603,Keep Movin',"rock, hip hop, focus, motivation",5131142,All About Soul (Remix),Billy Joel
135174,456603,Keep Movin',"rock, hip hop, focus, motivation",5131138,Comfort Eagle,Cake
135174,456603,Keep Movin',"rock, hip hop, focus, motivation",5131147,Something's Got To Give,Beastie Boys
