user_id,mix_id,mix_name,mix.tags,track_id,track_name,artist_name
781554,466672,Creative Vices,"progressive rock, jazz rock, creativity, inspiring, focusing",5283505,Jabberwocky,Fear Before
781554,466672,Creative Vices,"progressive rock, jazz rock, creativity, inspiring, focusing",5283508,Hamilton Anxiety Scale,Thomas Giles
781554,466672,Creative Vices,"progressive rock, jazz rock, creativity, inspiring, focusing",5283538,Box Up My Bones,Cynic
781554,466672,Creative Vices,"progressive rock, jazz rock, creativity, inspiring, focusing",5283535,The Chronomancer I: Hubris,The Sword
781554,466672,Creative Vices,"progressive rock, jazz rock, creativity, inspiring, focusing",5283528,Yoshimi Battles The Pink Robots Pt.1,The Flaming Lips
781554,466672,Creative Vices,"progressive rock, jazz rock, creativity, inspiring, focusing",5283516,Turn Off Your Mind,Electric Wizard
781554,466672,Creative Vices,"progressive rock, jazz rock, creativity, inspiring, focusing",5283524,La Villa Strangiato,Rush
781554,466672,Creative Vices,"progressive rock, jazz rock, creativity, inspiring, focusing",5283532,"Holland, 1945",Neutral Milk Hotel
