user_id,mix_id,mix_name,mix.tags,track_id,track_name,artist_name
648790,474966,Focus,"focus, study",5353687,The Night Sky,Keane
648790,474966,Focus,"focus, study",5353761,Signs,Bloc Party
648790,474966,Focus,"focus, study",5353848,Big Sur,The Thrills
648790,474966,Focus,"focus, study",5354155,Only The Young,Brandon Flowers
648790,474966,Focus,"focus, study",5354184,Houses,Great Northern
648790,474966,Focus,"focus, study",5354200,To Lose My Life,White Lies
648790,474966,Focus,"focus, study",5354245,Losing Touch,The Killers
648790,474966,Focus,"focus, study",5354269,October,Broken Bells
