user_id,mix_id,mix_name,mix.tags,track_id,track_name,artist_name
58079,484521,balancing,"focus, reflection, folk",5421368,Blake's View,M. Ward
58079,484521,balancing,"focus, reflection, folk",5421372,Ada,The National
58079,484521,balancing,"focus, reflection, folk",5421376,Put a Penny In the Slot,Fionn Regan
58079,484521,balancing,"focus, reflection, folk",5421380,Rambling Man,Laura Marling
58079,484521,balancing,"focus, reflection, folk",5421385,Animal,Mountain Man
58079,484521,balancing,"focus, reflection, folk",5421394,A Girl In Port,Okkervil River
58079,484521,balancing,"focus, reflection, folk",5421395,Heaven's On Fire,The Radio Dept.
58079,484521,balancing,"focus, reflection, folk",5421404,Kids Aflame,Arms
