user_id,mix_id,mix_name,mix.tags,track_id,track_name,artist_name
634810,489311,Never Looking Back,"sad, focus, travel",5455440,Woman go,Joe Purdy
634810,489311,Never Looking Back,"sad, focus, travel",5455446,The Great Escape,Patrick Watson
634810,489311,Never Looking Back,"sad, focus, travel",5455455,Talihina Sky,Kings of Leon
634810,489311,Never Looking Back,"sad, focus, travel",5470724,Please Don't Leave Quite Yet,Adam Agin
634810,489311,Never Looking Back,"sad, focus, travel",5470907,Dusty Road (So Kind),DeYarmond Edison 
634810,489311,Never Looking Back,"sad, focus, travel",5470924,Walking With Happiness,The Best Pessimist
634810,489311,Never Looking Back,"sad, focus, travel",5471537,Cost,Folly & The Hunter 
634810,489311,Never Looking Back,"sad, focus, travel",5471774,Headphones,I'm from Barcelona 
634810,489311,Never Looking Back,"sad, focus, travel",5471969,Love Me Or Not,Dub FX 
