user_id,mix_id,mix_name,mix.tags,track_id,track_name,artist_name
462732,501279,shtudy time,"study, focus, covers, piano, orchestral",5543723,One Summer's Day ,Joe Hisaishi
462732,501279,shtudy time,"study, focus, covers, piano, orchestral",5543748,Snow (Hey Oh) ,The Vitamin String Quartet1
462732,501279,shtudy time,"study, focus, covers, piano, orchestral",5543661,Clair de Lune,Claude Debussy 
462732,501279,shtudy time,"study, focus, covers, piano, orchestral",5543676,Sixth Stop,Joe Hisaishi
462732,501279,shtudy time,"study, focus, covers, piano, orchestral",5543770,Feel Good Inc.(cover),The Vitamin String Quartet3
462732,501279,shtudy time,"study, focus, covers, piano, orchestral",5543805,Cavatina,John Williams
462732,501279,shtudy time,"study, focus, covers, piano, orchestral",5543700,Rhapsody in Blue,Gershwin plays Gershwin
462732,501279,shtudy time,"study, focus, covers, piano, orchestral",5543781,Yellow (Coldplay),The Vitamin String Quartet2
