user_id,mix_id,mix_name,mix.tags,track_id,track_name,artist_name
33366,501322,Thunderblend.,"bold, mighty, laser, focused",5544326,Tomorrow Never Knows,Junior Parker
33366,501322,Thunderblend.,"bold, mighty, laser, focused",5544356,"Soon, My Friend",M83
33366,501322,Thunderblend.,"bold, mighty, laser, focused",5544395,Girls Like You,The Naked and Famous
33366,501322,Thunderblend.,"bold, mighty, laser, focused",5544400,A Wolf In Geek's Clothing,The Naked and Famous
33366,501322,Thunderblend.,"bold, mighty, laser, focused",5544452,Your Side,Young the Giant
33366,501322,Thunderblend.,"bold, mighty, laser, focused",5544510,"Brackett, WI",Bon Iver
33366,501322,Thunderblend.,"bold, mighty, laser, focused",5544540,Vanished,Crystal Castles
33366,501322,Thunderblend.,"bold, mighty, laser, focused",5544551,Echoes Of Mine,M83
