user_id,mix_id,mix_name,mix.tags,track_id,track_name,artist_name
834828,517218,Heads Down,"arcade fire, easy listening, late night studying, focus",5651653,Sweet Disposition,The Temper Trap 
834828,517218,Heads Down,"arcade fire, easy listening, late night studying, focus",5651660,Sideways,Citizen Cope
834828,517218,Heads Down,"arcade fire, easy listening, late night studying, focus",5651662,Don't Know Why,Norah Jones
834828,517218,Heads Down,"arcade fire, easy listening, late night studying, focus",5651663,Wake Up,The Arcade Fire
834828,517218,Heads Down,"arcade fire, easy listening, late night studying, focus",5651682,Life In Technicolor,Coldplay
834828,517218,Heads Down,"arcade fire, easy listening, late night studying, focus",5651690,See the Sun,The Kooks
834828,517218,Heads Down,"arcade fire, easy listening, late night studying, focus",5651711,Sway,Bic Runga
834828,517218,Heads Down,"arcade fire, easy listening, late night studying, focus",5651723,By Your Side (Neptunes Remix),Sade
