user_id,mix_id,mix_name,mix.tags,track_id,track_name,artist_name
827683,527330,study like your future depends on it.  ,"study, chill, focus, late night studying",7057107,Poison & Wine,The Civil Wars
827683,527330,study like your future depends on it.  ,"study, chill, focus, late night studying",7057111,Trouble,Coldplay
827683,527330,study like your future depends on it.  ,"study, chill, focus, late night studying",7057112,Skinny Love,Birdy
827683,527330,study like your future depends on it.  ,"study, chill, focus, late night studying",7057114,Slow Dancing In a Burning Room,John Mayer
