user_id,mix_id,mix_name,mix.tags,track_id,track_name,artist_name
719564,529089,Keep calm & study,"study, relax, calm, focus",5736871,Sigh No More,Mumford and Sons
719564,529089,Keep calm & study,"study, relax, calm, focus",5736879,After The Storm ,Mumford and Sons
719564,529089,Keep calm & study,"study, relax, calm, focus",5736896,Hometown Glory,Adele
719564,529089,Keep calm & study,"study, relax, calm, focus",5736903,You da one,Rihanna
719564,529089,Keep calm & study,"study, relax, calm, focus",5736904,We Found Love,Rihanna ft. Calvin Harris
719564,529089,Keep calm & study,"study, relax, calm, focus",5736924,Take Care,Drake Ft. Rihanna 
719564,529089,Keep calm & study,"study, relax, calm, focus",5736925,The Motto,Drake Ft. Lil Wayne
719564,529089,Keep calm & study,"study, relax, calm, focus",5736933,Set Fire To The Rain,Adele
719564,529089,Keep calm & study,"study, relax, calm, focus",5736959,Home,Edward Sharpe & The Magnetic Zeros
