user_id,mix_id,mix_name,mix.tags,track_id,track_name,artist_name
1014918,543112,this is taking forever ,"long, various, focus, flow, college",5837682,Intro (Long Version),The XX
1014918,543112,this is taking forever ,"long, various, focus, flow, college",5837533,Orff: Carmina Burana - Cour D'Amours: In Trutina,"Gundula Janowitz, Dietrich Fischer-Dieskau, Etc.; Eugen Jochum: Deutsche Oper Orchestra & Chorus"
1014918,543112,this is taking forever ,"long, various, focus, flow, college",5836916,"Bach: Prelude In D Minor, BWV 926",Glenn Gould
1014918,543112,this is taking forever ,"long, various, focus, flow, college",5836877,Pre-Dawn,Echoes Of Nature
