user_id,mix_id,mix_name,mix.tags,track_id,track_name,artist_name
777022,551275,Keep Focused,"concentration, focus, mind, progressive trance, ambient trance",5976009,Chicane - Saltwater (DJ Tarkan & V-Sag Remix),SHkuRRE
777022,551275,Keep Focused,"concentration, focus, mind, progressive trance, ambient trance",6004372,Starry Eyed (Jakwob Remix).mp3.wav,j114437
777022,551275,Keep Focused,"concentration, focus, mind, progressive trance, ambient trance",6004399,Ferry Corsten vs. Kosheen - Catch the Punk  (Jim Thias mashup),JTmixes
777022,551275,Keep Focused,"concentration, focus, mind, progressive trance, ambient trance",4785749,Tiesto - Kaleidoscope,belabela77
777022,551275,Keep Focused,"concentration, focus, mind, progressive trance, ambient trance",6004440,Ecotek - Into The Night feat Elijah (Dave Aude Club Radio Mix),DaveAude
777022,551275,Keep Focused,"concentration, focus, mind, progressive trance, ambient trance",6004478,Tiesto featuring JES-Everything,Planetjes
