user_id,mix_id,mix_name,mix.tags,track_id,track_name,artist_name
538919,553006,Study [i'm doing my CEH exams] Sounds ,"classical, orchestral, focus, study, piano",5909072,Gymnopédie,Erik Satie
538919,553006,Study [i'm doing my CEH exams] Sounds ,"classical, orchestral, focus, study, piano",5909074,Dead Island,Giles Lamb
538919,553006,Study [i'm doing my CEH exams] Sounds ,"classical, orchestral, focus, study, piano",5909076,One To One,Giles Lamb
538919,553006,Study [i'm doing my CEH exams] Sounds ,"classical, orchestral, focus, study, piano",5909077,Canon In D,Johann Pachelbel
538919,553006,Study [i'm doing my CEH exams] Sounds ,"classical, orchestral, focus, study, piano",5909079,Air On G String,Johann Sebastian Bach
538919,553006,Study [i'm doing my CEH exams] Sounds ,"classical, orchestral, focus, study, piano",5909080,Flight of The Bumble Bee,London Philharmonic Orchestra
538919,553006,Study [i'm doing my CEH exams] Sounds ,"classical, orchestral, focus, study, piano",5909082,Moonlight Sonata,Umea Orchestral 
538919,553006,Study [i'm doing my CEH exams] Sounds ,"classical, orchestral, focus, study, piano",5909083,Snow,Umea Orchestral
