user_id,mix_id,mix_name,mix.tags,track_id,track_name,artist_name
741107,584230,"no, seriously. i need to study","study, instrumental, chill, focus",8146854,Amber,Mannheim Steamroller
741107,584230,"no, seriously. i need to study","study, instrumental, chill, focus",8146868,Flaws,Bombay Bicycle Club
741107,584230,"no, seriously. i need to study","study, instrumental, chill, focus",8146872,Fragile,Dustin O'Halloran
741107,584230,"no, seriously. i need to study","study, instrumental, chill, focus",8146889,We Move Lightly,Dustin O'Halloran
741107,584230,"no, seriously. i need to study","study, instrumental, chill, focus",8146892,Where Is My Mind (The Pixies Piano Cover),Maxence Cyrin
741107,584230,"no, seriously. i need to study","study, instrumental, chill, focus",8146893,To Build A Home (Instrumental Version),The Cinematic Orchestra
741107,584230,"no, seriously. i need to study","study, instrumental, chill, focus",8146979,Deep,Citizen Cope
