user_id,mix_id,mix_name,mix.tags,track_id,track_name,artist_name
784698,599171,Love Is Strange,"unusual assortment of tunes focused on how love is strange., from the blue rubies to  the beatles, from walking off the earth to patty larkin.",6218418,When You Were Mine,The Blue Rubies
784698,599171,Love Is Strange,"unusual assortment of tunes focused on how love is strange., from the blue rubies to  the beatles, from walking off the earth to patty larkin.",6218647,Over Kill,Colin Hay
784698,599171,Love Is Strange,"unusual assortment of tunes focused on how love is strange., from the blue rubies to  the beatles, from walking off the earth to patty larkin.",6218741,All The Time,Mike & Ruthie
784698,599171,Love Is Strange,"unusual assortment of tunes focused on how love is strange., from the blue rubies to  the beatles, from walking off the earth to patty larkin.",6218844,I Want To Hold Your Hand,T.V. Carpio
784698,599171,Love Is Strange,"unusual assortment of tunes focused on how love is strange., from the blue rubies to  the beatles, from walking off the earth to patty larkin.",6218903,Who Holds Your Hand,Patty Larkin
784698,599171,Love Is Strange,"unusual assortment of tunes focused on how love is strange., from the blue rubies to  the beatles, from walking off the earth to patty larkin.",6218951,Everybody's Looking For The Same Thing,Devo
784698,599171,Love Is Strange,"unusual assortment of tunes focused on how love is strange., from the blue rubies to  the beatles, from walking off the earth to patty larkin.",6218989,The Word,The Beatles
784698,599171,Love Is Strange,"unusual assortment of tunes focused on how love is strange., from the blue rubies to  the beatles, from walking off the earth to patty larkin.",6219040,Your Kiss,Richard Thompson
784698,599171,Love Is Strange,"unusual assortment of tunes focused on how love is strange., from the blue rubies to  the beatles, from walking off the earth to patty larkin.",6219108,Slap & Tickle,Squeeze
784698,599171,Love Is Strange,"unusual assortment of tunes focused on how love is strange., from the blue rubies to  the beatles, from walking off the earth to patty larkin.",6219162,Love Shack,B 52s
784698,599171,Love Is Strange,"unusual assortment of tunes focused on how love is strange., from the blue rubies to  the beatles, from walking off the earth to patty larkin.",6219179,Double Shot of My Baby's Love,Swinging Medallions
784698,599171,Love Is Strange,"unusual assortment of tunes focused on how love is strange., from the blue rubies to  the beatles, from walking off the earth to patty larkin.",6219284,Miracle Man,Elvis Costello
784698,599171,Love Is Strange,"unusual assortment of tunes focused on how love is strange., from the blue rubies to  the beatles, from walking off the earth to patty larkin.",6219373,Love Is Strange,Paul McCartney
784698,599171,Love Is Strange,"unusual assortment of tunes focused on how love is strange., from the blue rubies to  the beatles, from walking off the earth to patty larkin.",6219432,Whammy Kiss,B 52s
784698,599171,Love Is Strange,"unusual assortment of tunes focused on how love is strange., from the blue rubies to  the beatles, from walking off the earth to patty larkin.",6219498,I Am Not In Love,Talking Heads
784698,599171,Love Is Strange,"unusual assortment of tunes focused on how love is strange., from the blue rubies to  the beatles, from walking off the earth to patty larkin.",6219537,Make You Love Me More,Ryan Adams
784698,599171,Love Is Strange,"unusual assortment of tunes focused on how love is strange., from the blue rubies to  the beatles, from walking off the earth to patty larkin.",6219578,Another Nail For My Heart,Squeeze
784698,599171,Love Is Strange,"unusual assortment of tunes focused on how love is strange., from the blue rubies to  the beatles, from walking off the earth to patty larkin.",6219663,Making Flippy Floppy,Talking Heads
784698,599171,Love Is Strange,"unusual assortment of tunes focused on how love is strange., from the blue rubies to  the beatles, from walking off the earth to patty larkin.",6219709,I'm Looking Through You,The Beatles
784698,599171,Love Is Strange,"unusual assortment of tunes focused on how love is strange., from the blue rubies to  the beatles, from walking off the earth to patty larkin.",6220375,Somebody That I Used to Know,Walk Off the Earth
784698,599171,Love Is Strange,"unusual assortment of tunes focused on how love is strange., from the blue rubies to  the beatles, from walking off the earth to patty larkin.",6220680,A Head Is Better Than A Leg,Mike & Ruthie
784698,599171,Love Is Strange,"unusual assortment of tunes focused on how love is strange., from the blue rubies to  the beatles, from walking off the earth to patty larkin.",6220838,A Fine Time,Robert Palmer
784698,599171,Love Is Strange,"unusual assortment of tunes focused on how love is strange., from the blue rubies to  the beatles, from walking off the earth to patty larkin.",6220909,Work To Make It Work,Robert Palmer
