user_id,mix_id,mix_name,mix.tags,track_id,track_name,artist_name
114127,643271,isochronous mix,"remix, sub focus, chill, moody, powerful",6551965,DJ Ease My Mind (Jakwob Remix),Niki & The Dove
114127,643271,isochronous mix,"remix, sub focus, chill, moody, powerful",6488586,Perth (The Polish Ambassador Remix) ,Bon Iver
114127,643271,isochronous mix,"remix, sub focus, chill, moody, powerful",6488535,Swervin remix inst.,Clams Casino
114127,643271,isochronous mix,"remix, sub focus, chill, moody, powerful",6488534,Radioactive,Imagine Dragons
114127,643271,isochronous mix,"remix, sub focus, chill, moody, powerful",6488524,!N3V3R SL33P!,Poor Spirits
114127,643271,isochronous mix,"remix, sub focus, chill, moody, powerful",6488531,Falling Down Ft. Kenzie May (Original),Sub Focus
114127,643271,isochronous mix,"remix, sub focus, chill, moody, powerful",6552289,Level Up (Fake Blood Remix),Sway
114127,643271,isochronous mix,"remix, sub focus, chill, moody, powerful",6552410,Losing My Mind (DGRC Remix),Summer Camp
