user_id,mix_id,mix_name,mix.tags,track_id,track_name,artist_name
779749,660872,Work on it,"focus, old but good",6686068,Blowin' in the Wind,Bob Dylan
779749,660872,Work on it,"focus, old but good",6686075,Come by Storm,Laura Gibson
779749,660872,Work on it,"focus, old but good",6686079,Timing Is Everything,Elysian Fields
779749,660872,Work on it,"focus, old but good",6686101,Please Please Please,Fiona Apple
779749,660872,Work on it,"focus, old but good",6686108,Window,Fiona Apple
779749,660872,Work on it,"focus, old but good",6686120,Six Seven Times,Flunk
779749,660872,Work on it,"focus, old but good",6687509,The trick is to keep breathing,Garbage
779749,660872,Work on it,"focus, old but good",6687513,You're The Storm,The Cardigans
779749,660872,Work on it,"focus, old but good",6687599,You're The Storm,The Cardigans
