user_id,mix_id,mix_name,mix.tags,track_id,track_name,artist_name
709671,672385,Untitled mix,"study, chill, productive, focus",6040668,Strobe,Deadmau5
709671,672385,Untitled mix,"study, chill, productive, focus",6774516,Nightdrive with you (Fear of Tigers Remix),Anoraak
709671,672385,Untitled mix,"study, chill, productive, focus",6774551,The Listening,Lights
709671,672385,Untitled mix,"study, chill, productive, focus",6774562,With Or Without You,U2
709671,672385,Untitled mix,"study, chill, productive, focus",6774565,Oceanfront,Azimuth
709671,672385,Untitled mix,"study, chill, productive, focus",6774580,Collect Call,Metric
709671,672385,Untitled mix,"study, chill, productive, focus",6774591,Isolate,Moby
709671,672385,Untitled mix,"study, chill, productive, focus",6774685,Secrets,OneRepublic
709671,672385,Untitled mix,"study, chill, productive, focus",6774696,Deer In The Headlights,Owl City
