user_id,mix_id,mix_name,mix.tags,track_id,track_name,artist_name
644064,684690,Wavelet Transform,"focus, chiptune, programming, electric",6872115,The Sentinel is Watching,Torcht
644064,684690,Wavelet Transform,"focus, chiptune, programming, electric",6872117,End to a Violent Heart,Torcht
644064,684690,Wavelet Transform,"focus, chiptune, programming, electric",6872120,Supernova Kiss,Nullsleep
644064,684690,Wavelet Transform,"focus, chiptune, programming, electric",6872160,Her Lazer Light Eyes,Nullsleep
644064,684690,Wavelet Transform,"focus, chiptune, programming, electric",6872198,traveling by night,She
644064,684690,Wavelet Transform,"focus, chiptune, programming, electric",6872214,Alice Practice,Crystal Castles
