user_id,mix_id,mix_name,mix.tags,track_id,track_name,artist_name
583377,707058,Nice weather for ducks.,"dubstep, indie rock, study, focus, energy",7050061,When Will You Come Home?,M83
583377,707058,Nice weather for ducks.,"dubstep, indie rock, study, focus, energy",7050073,My Tears Are Becoming a Sea,M83
583377,707058,Nice weather for ducks.,"dubstep, indie rock, study, focus, energy",7050076,Blue Light (Engineers 'anti-Gr,Bloc Party
583377,707058,Nice weather for ducks.,"dubstep, indie rock, study, focus, energy",7050115,Carry On,Fun.
583377,707058,Nice weather for ducks.,"dubstep, indie rock, study, focus, energy",7050118,Tthhee Ppaarrttyy,Justice
583377,707058,Nice weather for ducks.,"dubstep, indie rock, study, focus, energy",7050120,Gold on the Ceiling,The Black Keys
583377,707058,Nice weather for ducks.,"dubstep, indie rock, study, focus, energy",7050125,D.D.,The Weeknd
583377,707058,Nice weather for ducks.,"dubstep, indie rock, study, focus, energy",7050135,One Minute To Midnight,Justice
583377,707058,Nice weather for ducks.,"dubstep, indie rock, study, focus, energy",7050143,Next,The Weeknd
583377,707058,Nice weather for ducks.,"dubstep, indie rock, study, focus, energy",7050159,Where Is My Mind? (feat. Emily Browning),Yoav
583377,707058,Nice weather for ducks.,"dubstep, indie rock, study, focus, energy",6709282,Until We Burn In The Sun (The Kids Just Want A Love Song),Bedouin Soundclash
