user_id,mix_id,mix_name,mix.tags,track_id,track_name,artist_name
538919,727114,känner så sorgliga,"sad, quiet, lost, sleep, focus",7211556,I Think It's Going To Rain Today,Randy Newman
538919,727114,känner så sorgliga,"sad, quiet, lost, sleep, focus",7211563,Hurt,Johnny Cash
538919,727114,känner så sorgliga,"sad, quiet, lost, sleep, focus",7211566,How to Disappear Completely,Radiohead
538919,727114,känner så sorgliga,"sad, quiet, lost, sleep, focus",7211571,A Lack of Color,Death Cab for Cutie
538919,727114,känner så sorgliga,"sad, quiet, lost, sleep, focus",7211576,Coconut Skins,Damien Rice
538919,727114,känner så sorgliga,"sad, quiet, lost, sleep, focus",7211580,Have You Seen Me Lately,Counting Crows
538919,727114,känner så sorgliga,"sad, quiet, lost, sleep, focus",7211583,Lua,Bright Eyes
538919,727114,känner så sorgliga,"sad, quiet, lost, sleep, focus",7211586,Evaporated,Ben Folds
538919,727114,känner så sorgliga,"sad, quiet, lost, sleep, focus",7211591,Time and Space,The Cinematic Orchestra
