user_id,mix_id,mix_name,mix.tags,track_id,track_name,artist_name
1192446,739584,Open your Mind - Think,"study, dream, focus, classic, calm",7309005,Undisclosed Desires,Muse
1192446,739584,Open your Mind - Think,"study, dream, focus, classic, calm",7309007,Nothing Else Matters,Apocalyptica
1192446,739584,Open your Mind - Think,"study, dream, focus, classic, calm",7309008,Now We Are Free,Gladiator
1192446,739584,Open your Mind - Think,"study, dream, focus, classic, calm",7309030,"Goodnight, Travel Well",The Killers
1192446,739584,Open your Mind - Think,"study, dream, focus, classic, calm",7309032,No Surprises,Radiohead
1192446,739584,Open your Mind - Think,"study, dream, focus, classic, calm",7309034,Myth,Beach House
1192446,739584,Open your Mind - Think,"study, dream, focus, classic, calm",7309055,Black Water,Apparat
1192446,739584,Open your Mind - Think,"study, dream, focus, classic, calm",7309066,Hysteric,Yeah Yeah Yeahs
1192446,739584,Open your Mind - Think,"study, dream, focus, classic, calm",7309070,Wait,M83
