user_id,mix_id,mix_name,mix.tags,track_id,track_name,artist_name
1381508,745040,Diversions. ,"summer, studying, not studying, focus",7351482,Skinny Love,Birdy
1381508,745040,Diversions. ,"summer, studying, not studying, focus",7351528,Daydreaming (Supply And Demand Remix),Dark Dark Dark 
1381508,745040,Diversions. ,"summer, studying, not studying, focus",7351608,One Midnight With You (Mayer Hawthorne x M83),The Hood Internet
1381508,745040,Diversions. ,"summer, studying, not studying, focus",7351626,I ♥ U So,Cassius
1381508,745040,Diversions. ,"summer, studying, not studying, focus",7351635,Young Blood,Birdy
1381508,745040,Diversions. ,"summer, studying, not studying, focus",7351647,Comeback Kid,Sleigh Bells
1381508,745040,Diversions. ,"summer, studying, not studying, focus",7351656,Real You (Lil B vs Gold Panda),The Hood Internet
1381508,745040,Diversions. ,"summer, studying, not studying, focus",7351660,Golden,Bear Hands
