user_id,mix_id,mix_name,mix.tags,track_id,track_name,artist_name
1152254,760148,1,"focus, thinking",7472779,Across The Universe Across The Universe With Lyrics,Jim Sturgess
1152254,760148,1,"focus, thinking",7472889,Sweet Disposition,The Temper Trap
1152254,760148,1,"focus, thinking",7472944,Life In Technicolor,Coldplay
1152254,760148,1,"focus, thinking",7472957,Take Care,Drake ft. Rihanna 
1152254,760148,1,"focus, thinking",7464849,Iris,Goo Goo Dolls
1152254,760148,1,"focus, thinking",7472979,Little Dreams (Joshua Mellody Remix),Ellie Goulding
