user_id,mix_id,mix_name,mix.tags,track_id,track_name,artist_name
945311,774692,get up and fucking work rock!,"rock, work, focus, amped",4221474,AWOLNATION - Sail,user7540163
945311,774692,get up and fucking work rock!,"rock, work, focus, amped",7678477,Pumped Up Kicks,Foster the People
945311,774692,get up and fucking work rock!,"rock, work, focus, amped",4277320,Atmosphere - The Best Day,sopedradamusical
945311,774692,get up and fucking work rock!,"rock, work, focus, amped",7767013,Guilty Filthy Soul,sberko
945311,774692,get up and fucking work rock!,"rock, work, focus, amped",7767170,Bangarang(Original Mix),Skrillex feat Sirah
945311,774692,get up and fucking work rock!,"rock, work, focus, amped",4402143,Cake - Short Skirt Long Jacket,rambutanic
945311,774692,get up and fucking work rock!,"rock, work, focus, amped",7767268,Diary of jane,Aikilan ✬
