user_id,mix_id,mix_name,mix.tags,track_id,track_name,artist_name
230553,797186,phase out,"hip hop, electronic, drum and bass, study, focus",7750553,Spinning Into Place,Younger Brother
230553,797186,phase out,"hip hop, electronic, drum and bass, study, focus",7750579,Gone (Original Mix),Imprintz And Xilent and Kloe
230553,797186,phase out,"hip hop, electronic, drum and bass, study, focus",7750600,"What You Do To Me (feat. Billy Danze, Jim Jones & Nicole Wray)",Blakroc
230553,797186,phase out,"hip hop, electronic, drum and bass, study, focus",7750608,Breathe,The Prodigy
230553,797186,phase out,"hip hop, electronic, drum and bass, study, focus",7750618,Aruarian Dance,Nujabes
230553,797186,phase out,"hip hop, electronic, drum and bass, study, focus",7750627,2 Birds,Mugison
230553,797186,phase out,"hip hop, electronic, drum and bass, study, focus",7750635,Static On The Wire (RAC Remix),Holy Ghost!
230553,797186,phase out,"hip hop, electronic, drum and bass, study, focus",7750930,Song For Jo,Scarlett Johansson
