user_id,mix_id,mix_name,mix.tags,track_id,track_name,artist_name
706128,803184,ripples in motion,"minimal, minimal techno, chill, focus, electronic",7782254,And That Was The Way,Kaito
706128,803184,ripples in motion,"minimal, minimal techno, chill, focus, electronic",7782274,Frei (Original Mix),Jonas Mantey
706128,803184,ripples in motion,"minimal, minimal techno, chill, focus, electronic",7782309,a2 (Max Cooper Remix),Ólafur Arnalds & Nils Frahm
706128,803184,ripples in motion,"minimal, minimal techno, chill, focus, electronic",7782314,la somme,saschienne
706128,803184,ripples in motion,"minimal, minimal techno, chill, focus, electronic",7782317,Kramnik,Pawel
706128,803184,ripples in motion,"minimal, minimal techno, chill, focus, electronic",7782329,Thrown,Kiasmos
706128,803184,ripples in motion,"minimal, minimal techno, chill, focus, electronic",7782339,Schaukel Duo,SCSI-9
706128,803184,ripples in motion,"minimal, minimal techno, chill, focus, electronic",7782343,Unland,Triola
